Workbook

Sheet Pasos
A1: 1. Rellenar los campos en azul y rellenar tantas líneas como campos tenga la tabla | D1: DATOS DE ENTRADA
A2: 2. En la pestaña "template" hay que completar tantas líneas de campo como tenga la tabla | D2: Nombre de la vista | E2: EXT.CSA_RE_RESUMEN_SVW
A3: 3. La última línea de campo no debe llevar coma final | D3: Nombre que se le quiere dar | E3: Rappel Especial Resumen
A4: 4. Una vez realizado el template copiarlo a un fichero plano
A5: 5. Eliminar las " (comillas) haciendo un sustituir por nada | C5: No. | D5: Campos de la vista | E5: Nombre en Report | F5: Tipo (String, Integer, Integer64, Timestamp, DecimalFloat) | G5: Dimension or Measure
A6: 6. Hacer un sustituir de | por " | C6: 1 | D6: PERIODO | E6: PERIODO | F6: String | G6: Dimension
A7: 7. Este ejemplo es sólo para un CNS, si se tiene más de uno hay que separar los template por coma, pero dejar un solo apartado "EXT" (ojo con el fin de llave) | C7: 2 | D7: CODIGO_AGENTE | E7: CÓD. AGENTE | F7: String | G7: Dimension
C8: 3 | D8: NIF | E8: NIF | F8: String | G8: Dimension
C9: 4 | D9: NOMBRE_AGENTE | E9: NOMBRE AGENTE | F9: String | G9: Dimension
C10: 5 | D10: NIF_NOMBRE | E10: NIF - NOMBRE | F10: String | G10: Dimension
C11: 6 | D11: TIPO_AGENTE | E11: TIPO AGENTE | F11: String | G11: Dimension
C12: 7 | D12: RRPP | E12: RRPP | F12: DecimalFloat | G12: Measure
C13: 8 | D13: ASEG_RRTT | E13: ASEG RRTT | F13: DecimalFloat | G13: Measure
C14: 9 | D14: PRIMA_ANUALIZ | E14: PRIMA ANUAL | F14: DecimalFloat | G14: Measure
C15: 10 | D15: IMPORTE_RRPP | E15: IMPORTE RRPP | F15: DecimalFloat | G15: Measure
C16: 11 | D16: IMPORTE_ASEG_RRTT | E16: IMPORTE ASEG. RRTT | F16: DecimalFloat | G16: Measure
C17: 12 | D17: CODIGO_AGENTE_TABLA | E17: CÓDIGO AGENTE TABLA | F17: String | G17: Dimension
C18: 13 | D18: NOMBRE_AGENTE_TABLA | E18: NOMBRE AGENTE TABLA | F18: String | G18: Dimension
C19: 14 | D19: RRPP_TABLA | E19: RRPP TABLA | F19: DecimalFloat | G19: Measure
... C21: 16 | D21: FEC_ACTUALIZACION | E21: Última Actualización | F21: String | G21: Dimension

Sheet Template
A1: Texto 1 | B1: ="{ |EXT|: { |kind|: |context|, |@Common.Label|: |Custom| }, |"&Pasos!E2&"|: { |kind|: |entity|, |@Common.Label|: |EXT "&Pasos!E3&"|, |@Analytics.query|: false, |@Analytics.dataCategory|: { |#|: |CUBE| }, |elements|: {" -> { |EXT|: { |kind|: |context|, |@Common.Label|: |Custom| }, |EXT.CSA_RE_RESUMEN_SVW|: { |kind|: |entity|, |@Common.Label|: |EXT Rappel Especial Resumen|, |@Analytics.query|: false, |@Analytics.dataCategory|: { |#|: |CUBE| }, |elements|: {
A2: ="Campo "&Pasos!C6 -> Campo 1 | B2: =" |"&Pasos!D6&"|: { |@Common.Label|: |"&Pasos!E6&"|, |type|: |cds."&Pasos!F6&"|, |@Analytics."&Pasos!G6&"|: true }, " -> |PERIODO|: { |@Common.Label|: |PERIODO|, |type|: |cds.String|, |@Analytics.Dimension|: true },
A3: ="Campo "&Pasos!C7 -> Campo 2 | B3: =" |"&Pasos!D7&"|: { |@Common.Label|: |"&Pasos!E7&"|, |type|: |cds."&Pasos!F7&"|, |@Analytics."&Pasos!G7&"|: true }, " -> |CODIGO_AGENTE|: { |@Common.Label|: |CÓD. AGENTE|, |type|: |cds.String|, |@Analytics.Dimension|: true },
A4: ="Campo "&Pasos!C8 -> Campo 3 | B4: =" |"&Pasos!D8&"|: { |@Common.Label|: |"&Pasos!E8&"|, |type|: |cds."&Pasos!F8&"|, |@Analytics."&Pasos!G8&"|: true }, " -> |NIF|: { |@Common.Label|: |NIF|, |type|: |cds.String|, |@Analytics.Dimension|: true },
A5: ="Campo "&Pasos!C9 -> Campo 4 | B5: =" |"&Pasos!D9&"|: { |@Common.Label|: |"&Pasos!E9&"|, |type|: |cds."&Pasos!F9&"|, |@Analytics."&Pasos!G9&"|: true }, " -> |NOMBRE_AGENTE|: { |@Common.Label|: |NOMBRE AGENTE|, |type|: |cds.String|, |@Analytics.Dimension|: true },
A6: ="Campo "&Pasos!C10 -> Campo 5 | B6: =" |"&Pasos!D10&"|: { |@Common.Label|: |"&Pasos!E10&"|, |type|: |cds."&Pasos!F10&"|, |@Analytics."&Pasos!G10&"|: true }, " -> |NIF_NOMBRE|: { |@Common.Label|: |NIF - NOMBRE|, |type|: |cds.String|, |@Analytics.Dimension|: true },
A7: ="Campo "&Pasos!C11 -> Campo 6 | B7: =" |"&Pasos!D11&"|: { |@Common.Label|: |"&Pasos!E11&"|, |type|: |cds."&Pasos!F11&"|, |@Analytics."&Pasos!G11&"|: true }, " -> |TIPO_AGENTE|: { |@Common.Label|: |TIPO AGENTE|, |type|: |cds.String|, |@Analytics.Dimension|: true },
A8: ="Campo "&Pasos!C12 -> Campo 7 | B8: =" |"&Pasos!D12&"|: { |@Common.Label|: |"&Pasos!E12&"|, |type|: |cds."&Pasos!F12&"|, |@Analytics."&Pasos!G12&"|: true }, " -> |RRPP|: { |@Common.Label|: |RRPP|, |type|: |cds.DecimalFloat|, |@Analytics.Measure|: true },
A9: ="Campo "&Pasos!C13 -> Campo 8 | B9: =" |"&Pasos!D13&"|: { |@Common.Label|: |"&Pasos!E13&"|, |type|: |cds."&Pasos!F13&"|, |@Analytics."&Pasos!G13&"|: true }, " -> |ASEG_RRTT|: { |@Common.Label|: |ASEG RRTT|, |type|: |cds.DecimalFloat|, |@Analytics.Measure|: true },
A10: ="Campo "&Pasos!C14 -> Campo 9 | B10: =" |"&Pasos!D14&"|: { |@Common.Label|: |"&Pasos!E14&"|, |type|: |cds."&Pasos!F14&"|, |@Analytics."&Pasos!G14&"|: true }, " -> |PRIMA_ANUALIZ|: { |@Common.Label|: |PRIMA ANUAL|, |type|: |cds.DecimalFloat|, |@Analytics.Measure|: true },
A11: ="Campo "&Pasos!C15 -> Campo 10 | B11: =" |"&Pasos!D15&"|: { |@Common.Label|: |"&Pasos!E15&"|, |type|: |cds."&Pasos!F15&"|, |@Analytics."&Pasos!G15&"|: true }, " -> |IMPORTE_RRPP|: { |@Common.Label|: |IMPORTE RRPP|, |type|: |cds.DecimalFloat|, |@Analytics.Measure|: true },
A12: ="Campo "&Pasos!C16 -> Campo 11 | B12: =" |"&Pasos!D16&"|: { |@Common.Label|: |"&Pasos!E16&"|, |type|: |cds."&Pasos!F16&"|, |@Analytics."&Pasos!G16&"|: true }, " -> |IMPORTE_ASEG_RRTT|: { |@Common.Label|: |IMPORTE ASEG. RRTT|, |type|: |cds.DecimalFloat|, |@Analytics.Measure|: true },
A13: ="Campo "&Pasos!C17 -> Campo 12 | B13: =" |"&Pasos!D17&"|: { |@Common.Label|: |"&Pasos!E17&"|, |type|: |cds."&Pasos!F17&"|, |@Analytics."&Pasos!G17&"|: true }, " -> |CODIGO_AGENTE_TABLA|: { |@Common.Label|: |CÓDIGO AGENTE TABLA|, |type|: |cds.String|, |@Analytics.Dimension|: true },
... A17: ="Campo "&Pasos!C21 -> Campo 16 | B17: =" |"&Pasos!D21&"|: { |@Common.Label|: |"&Pasos!E21&"|, |type|: |cds."&Pasos!F21&"|, |@Analytics."&Pasos!G21&"|: true }, " -> |FEC_ACTUALIZACION|: { |@Common.Label|: |Última Actualización|, |type|: |cds.String|, |@Analytics.Dimension|: true },
A18: Texto 2 | B18: } } }
