Workbook

Sheet TABLAS OUT
A1: TABLAS HANA | B1: TABLAS ORACLE | C1: ALIAS TABLAS ORACLE | D1: ALIAS REAL ORACLE | E1: VALIDACIÓN
A2: OUT_PERC_AGENTES_REP | B2: =VLOOKUP(_xlfn.CONCAT("INYC_",I2),'TABLAS INYC'!A:A,1,FALSE) -> INYC_PERC_AGENTES | C2: =IFERROR(VLOOKUP(B2,'ALIAS INYC'!A:A,1,FALSE),"NO ENCONTRADO") -> INYC_PERC_AGENTES | D2: INYC_PERC_AGENTES | E2: =COUNTIF('ALIAS INYC'!A:A,'TABLAS OUT'!D2) -> 1 | H2: =REPLACE(A2,1,4,"") -> PERC_AGENTES_REP | I2: =LEFT(H2,LEN(H2)-4) -> PERC_AGENTES
A3: OUT_PROD_AGENTES_REP | B3: =VLOOKUP(_xlfn.CONCAT("INYC_",I3),'TABLAS INYC'!A:A,1,FALSE) -> INYC_PROD_AGENTES | C3: =IFERROR(VLOOKUP(B3,'ALIAS INYC'!A:A,1,FALSE),"NO ENCONTRADO") -> INYC_PROD_AGENTES | D3: INYC_PROD_AGENTES | E3: =COUNTIF('ALIAS INYC'!A:A,'TABLAS OUT'!D3) -> 1 | H3: =REPLACE(A3,1,4,"") -> PROD_AGENTES_REP | I3: =LEFT(H3,LEN(H3)-4) -> PROD_AGENTES
A4: OUT_PERC_INSPECTORES_REP | B4: =VLOOKUP(_xlfn.CONCAT("INYC_",I4),'TABLAS INYC'!A:A,1,FALSE) -> INYC_PERC_INSPECTORES | C4: =IFERROR(VLOOKUP(B4,'ALIAS INYC'!A:A,1,FALSE),"NO ENCONTRADO") -> INYC_PERC_INSPECTORES | D4: INYC_PERC_INSPECTORES | E4: =COUNTIF('ALIAS INYC'!A:A,'TABLAS OUT'!D4) -> 1 | H4: =REPLACE(A4,1,4,"") -> PERC_INSPECTORES_REP | I4: =LEFT(H4,LEN(H4)-4) -> PERC_INSPECTORES
A5: OUT_PROD_INSPECTORES_REP | B5: =VLOOKUP(_xlfn.CONCAT("INYC_",I5),'TABLAS INYC'!A:A,1,FALSE) -> INYC_PROD_INSPECTORES | C5: =IFERROR(VLOOKUP(B5,'ALIAS INYC'!A:A,1,FALSE),"NO ENCONTRADO") -> INYC_PROD_INSPECTORES | D5: INYC_PROD_INSPECTORES | E5: =COUNTIF('ALIAS INYC'!A:A,'TABLAS OUT'!D5) -> 1 | H5: =REPLACE(A5,1,4,"") -> PROD_INSPECTORES_REP | I5: =LEFT(H5,LEN(H5)-4) -> PROD_INSPECTORES
A6: OUT_INSP_ACTIVOS_REP | B6: =VLOOKUP(_xlfn.CONCAT("INYC_",I6),'TABLAS INYC'!A:A,1,FALSE) -> INYC_INSP_ACTIVOS | C6: =IFERROR(VLOOKUP(B6,'ALIAS INYC'!A:A,1,FALSE),"NO ENCONTRADO") -> INYC_INSP_ACTIVOS | D6: INYC_INSP_ACTIVOS | E6: =COUNTIF('ALIAS INYC'!A:A,'TABLAS OUT'!D6) -> 1 | H6: =REPLACE(A6,1,4,"") -> INSP_ACTIVOS_REP | I6: =LEFT(H6,LEN(H6)-4) -> INSP_ACTIVOS
A7: OUT_RPA_RESUMEN_REP | B7: =VLOOKUP(_xlfn.CONCAT("INYC_",I7),'TABLAS INYC'!A:A,1,FALSE) -> INYC_RPA_RESUMEN | C7: =IFERROR(VLOOKUP(B7,'ALIAS INYC'!A:A,1,FALSE),"NO ENCONTRADO") -> INYC_RPA_RESUMEN | D7: INYC_RPA_RESUMEN | E7: =COUNTIF('ALIAS INYC'!A:A,'TABLAS OUT'!D7) -> 1 | H7: =REPLACE(A7,1,4,"") -> RPA_RESUMEN_REP | I7: =LEFT(H7,LEN(H7)-4) -> RPA_RESUMEN
A8: OUT_LC_RPA_RESUMEN_REP | B8: =VLOOKUP(_xlfn.CONCAT("INYC_",I8),'TABLAS INYC'!A:A,1,FALSE) -> INYC_LC_RPA_RESUMEN | C8: =IFERROR(VLOOKUP(B8,'ALIAS INYC'!A:A,1,FALSE),"NO ENCONTRADO") -> INYC_LC_RPA_RESUMEN | D8: INYC_LC_RPA_RESUMEN | E8: =COUNTIF('ALIAS INYC'!A:A,'TABLAS OUT'!D8) -> 1 | H8: =REPLACE(A8,1,4,"") -> LC_RPA_RESUMEN_REP | I8: =LEFT(H8,LEN(H8)-4) -> LC_RPA_RESUMEN
A9: OUT_BAL_RPA_RESUMEN_REP | B9: =VLOOKUP(_xlfn.CONCAT("INYC_",I9),'TABLAS INYC'!A:A,1,FALSE) -> INYC_BAL_RPA_RESUMEN | C9: =IFERROR(VLOOKUP(B9,'ALIAS INYC'!A:A,1,FALSE),"NO ENCONTRADO") -> INYC_BAL_RPA_RESUMEN | D9: INYC_BAL_RPA_RESUMEN | E9: =COUNTIF('ALIAS INYC'!A:A,'TABLAS OUT'!D9) -> 1 | H9: =REPLACE(A9,1,4,"") -> BAL_RPA_RESUMEN_REP | I9: =LEFT(H9,LEN(H9)-4) -> BAL_RPA_RESUMEN
A10: OUT_ASI_RESUMEN_REP | B10: =VLOOKUP(_xlfn.CONCAT("INYC_",I10),'TABLAS INYC'!A:A,1,FALSE) -> INYC_ASI_RESUMEN | C10: =IFERROR(VLOOKUP(B10,'ALIAS INYC'!A:A,1,FALSE),"NO ENCONTRADO") -> INYC_ASI_RESUMEN | D10: INYC_ASI_RESUMEN | E10: =COUNTIF('ALIAS INYC'!A:A,'TABLAS OUT'!D10) -> 1 | H10: =REPLACE(A10,1,4,"") -> ASI_RESUMEN_REP | I10: =LEFT(H10,LEN(H10)-4) -> ASI_RESUMEN
A11: OUT_LC_ASI_RESUMEN_REP | B11: =VLOOKUP(_xlfn.CONCAT("INYC_",I11),'TABLAS INYC'!A:A,1,FALSE) -> INYC_LC_ASI_RESUMEN | C11: =IFERROR(VLOOKUP(B11,'ALIAS INYC'!A:A,1,FALSE),"NO ENCONTRADO") -> INYC_LC_ASI_RESUMEN | D11: INYC_LC_ASI_RESUMEN | E11: =COUNTIF('ALIAS INYC'!A:A,'TABLAS OUT'!D11) -> 1 | H11: =REPLACE(A11,1,4,"") -> LC_ASI_RESUMEN_REP | I11: =LEFT(H11,LEN(H11)-4) -> LC_ASI_RESUMEN
A12: OUT_BAL_ASI_RESUMEN_REP | B12: =VLOOKUP(_xlfn.CONCAT("INYC_",I12),'TABLAS INYC'!A:A,1,FALSE) -> INYC_BAL_ASI_RESUMEN | C12: =IFERROR(VLOOKUP(B12,'ALIAS INYC'!A:A,1,FALSE),"NO ENCONTRADO") -> INYC_BAL_ASI_RESUMEN | D12: INYC_BAL_ASI_RESUMEN | E12: =COUNTIF('ALIAS INYC'!A:A,'TABLAS OUT'!D12) -> 1 | H12: =REPLACE(A12,1,4,"") -> BAL_ASI_RESUMEN_REP | I12: =LEFT(H12,LEN(H12)-4) -> BAL_ASI_RESUMEN
A13: OUT_S4_POLIZAS_REP | B13: =VLOOKUP(_xlfn.CONCAT("INYC_",I13),'TABLAS INYC'!A:A,1,FALSE) -> INYC_S4_POLIZAS | C13: =IFERROR(VLOOKUP(B13,'ALIAS INYC'!A:A,1,FALSE),"NO ENCONTRADO") -> NO ENCONTRADO | D13: INYC_S4 | E13: =COUNTIF('ALIAS INYC'!A:A,'TABLAS OUT'!D13) -> 1 | H13: =REPLACE(A13,1,4,"") -> S4_POLIZAS_REP | I13: =LEFT(H13,LEN(H13)-4) -> S4_POLIZAS
... A30: OUT_BAL_PEPA_RESUMEN_REP | B30: =VLOOKUP(_xlfn.CONCAT("INYC_",I30),'TABLAS INYC'!A:A,1,FALSE) -> INYC_BAL_PEPA_RESUMEN | C30: =IFERROR(VLOOKUP(B30,'ALIAS INYC'!A:A,1,FALSE),"NO ENCONTRADO") -> INYC_BAL_PEPA_RESUMEN | D30: INYC_BAL_PEPA_RESUMEN | E30: =COUNTIF('ALIAS INYC'!A:A,'TABLAS OUT'!D30) -> 1 | H30: =REPLACE(A30,1,4,"") -> BAL_PEPA_RESUMEN_REP | I30: =LEFT(H30,LEN(H30)-4) -> BAL_PEPA_RESUMEN

Sheet Hoja5
A1: INYC_S4 | B1: INYC_S4_POLIZAS | C1: =_xlfn.CONCAT(SUBSTITUTE(A1,"INYC","OUT"),"_REP") -> OUT_S4_REP | D1: OUT_S4_POLIZAS_REP | F1: WHEN TABLA = | | G1: =B1 -> INYC_S4_POLIZAS | H1: | | I1: THEN | | J1: =D1 -> OUT_S4_POLIZAS_REP | K1: | | M1: =_xlfn.CONCAT(F1:K1) -> WHEN TABLA = |INYC_S4_POLIZAS| THEN |OUT_S4_POLIZAS_REP|
A2: INYC_S4_E | B2: INYC_S4_E_POLIZAS | C2: =_xlfn.CONCAT(SUBSTITUTE(A2,"INYC","OUT"),"_REP") -> OUT_S4_E_REP | D2: OUT_S4_E_POLIZAS_REP | F2: WHEN TABLA = | | G2: =B2 -> INYC_S4_E_POLIZAS | H2: | | I2: THEN | | J2: =D2 -> OUT_S4_E_POLIZAS_REP | K2: | | M2: =_xlfn.CONCAT(F2:K2) -> WHEN TABLA = |INYC_S4_E_POLIZAS| THEN |OUT_S4_E_POLIZAS_REP|
A3: INYC_LC_S4 | B3: INYC_LC_S4_POLIZAS | C3: =_xlfn.CONCAT(SUBSTITUTE(A3,"INYC","OUT"),"_REP") -> OUT_LC_S4_REP | D3: OUT_LC_S4_POLIZAS_REP | F3: WHEN TABLA = | | G3: =B3 -> INYC_LC_S4_POLIZAS | H3: | | I3: THEN | | J3: =D3 -> OUT_LC_S4_POLIZAS_REP | K3: | | M3: =_xlfn.CONCAT(F3:K3) -> WHEN TABLA = |INYC_LC_S4_POLIZAS| THEN |OUT_LC_S4_POLIZAS_REP|
A4: INYC_LC_S4_E | B4: INYC_LC_S4_E_POLIZAS | C4: =_xlfn.CONCAT(SUBSTITUTE(A4,"INYC","OUT"),"_REP") -> OUT_LC_S4_E_REP | D4: OUT_LC_S4_E_POLIZAS_REP | F4: WHEN TABLA = | | G4: =B4 -> INYC_LC_S4_E_POLIZAS | H4: | | I4: THEN | | J4: =D4 -> OUT_LC_S4_E_POLIZAS_REP | K4: | | M4: =_xlfn.CONCAT(F4:K4) -> WHEN TABLA = |INYC_LC_S4_E_POLIZAS| THEN |OUT_LC_S4_E_POLIZAS_REP|
A5: INYC_BAL_S4 | B5: INYC_BAL_S4_POLIZAS | C5: =_xlfn.CONCAT(SUBSTITUTE(A5,"INYC","OUT"),"_REP") -> OUT_BAL_S4_REP | D5: OUT_BAL_S4_POLIZAS_REP | F5: WHEN TABLA = | | G5: =B5 -> INYC_BAL_S4_POLIZAS | H5: | | I5: THEN | | J5: =D5 -> OUT_BAL_S4_POLIZAS_REP | K5: | | M5: =_xlfn.CONCAT(F5:K5) -> WHEN TABLA = |INYC_BAL_S4_POLIZAS| THEN |OUT_BAL_S4_POLIZAS_REP|
A6: INYC_BAL_S4_E | B6: INYC_BAL_S4_E_POLIZAS | C6: =_xlfn.CONCAT(SUBSTITUTE(A6,"INYC","OUT"),"_REP") -> OUT_BAL_S4_E_REP | D6: OUT_BAL_S4_E_POLIZAS_REP | F6: WHEN TABLA = | | G6: =B6 -> INYC_BAL_S4_E_POLIZAS | H6: | | I6: THEN | | J6: =D6 -> OUT_BAL_S4_E_POLIZAS_REP | K6: | | M6: =_xlfn.CONCAT(F6:K6) -> WHEN TABLA = |INYC_BAL_S4_E_POLIZAS| THEN |OUT_BAL_S4_E_POLIZAS_REP|
A7: INYC_S5 | B7: INYC_S5_POLIZAS | C7: =_xlfn.CONCAT(SUBSTITUTE(A7,"INYC","OUT"),"_REP") -> OUT_S5_REP | D7: OUT_S5_POLIZAS_REP | F7: WHEN TABLA = | | G7: =B7 -> INYC_S5_POLIZAS | H7: | | I7: THEN | | J7: =D7 -> OUT_S5_POLIZAS_REP | K7: | | M7: =_xlfn.CONCAT(F7:K7) -> WHEN TABLA = |INYC_S5_POLIZAS| THEN |OUT_S5_POLIZAS_REP|
A8: INYC_LC_S5 | B8: INYC_LC_S5_POLIZAS | C8: =_xlfn.CONCAT(SUBSTITUTE(A8,"INYC","OUT"),"_REP") -> OUT_LC_S5_REP | D8: OUT_LC_S5_POLIZAS_REP | F8: WHEN TABLA = | | G8: =B8 -> INYC_LC_S5_POLIZAS | H8: | | I8: THEN | | J8: =D8 -> OUT_LC_S5_POLIZAS_REP | K8: | | M8: =_xlfn.CONCAT(F8:K8) -> WHEN TABLA = |INYC_LC_S5_POLIZAS| THEN |OUT_LC_S5_POLIZAS_REP|
A9: INYC_BAL_S5 | B9: INYC_BAL_S5_POLIZAS | C9: =_xlfn.CONCAT(SUBSTITUTE(A9,"INYC","OUT"),"_REP") -> OUT_BAL_S5_REP | D9: OUT_BAL_S5_POLIZAS_REP | F9: WHEN TABLA = | | G9: =B9 -> INYC_BAL_S5_POLIZAS | H9: | | I9: THEN | | J9: =D9 -> OUT_BAL_S5_POLIZAS_REP | K9: | | M9: =_xlfn.CONCAT(F9:K9) -> WHEN TABLA = |INYC_BAL_S5_POLIZAS| THEN |OUT_BAL_S5_POLIZAS_REP|
A10: INYC_S4_FAC | B10: INYC_S4_FACTURA | C10: =_xlfn.CONCAT(SUBSTITUTE(A10,"INYC","OUT"),"_REP") -> OUT_S4_FAC_REP | D10: OUT_S4_FACTURA_REP | F10: WHEN TABLA = | | G10: =B10 -> INYC_S4_FACTURA | H10: | | I10: THEN | | J10: =D10 -> OUT_S4_FACTURA_REP | K10: | | M10: =_xlfn.CONCAT(F10:K10) -> WHEN TABLA = |INYC_S4_FACTURA| THEN |OUT_S4_FACTURA_REP|
A11: INYC_S5_FAC | B11: INYC_S5_FACTURA | C11: =_xlfn.CONCAT(SUBSTITUTE(A11,"INYC","OUT"),"_REP") -> OUT_S5_FAC_REP | D11: OUT_S5_FACTURA_REP | F11: WHEN TABLA = | | G11: =B11 -> INYC_S5_FACTURA | H11: | | I11: THEN | | J11: =D11 -> OUT_S5_FACTURA_REP | K11: | | M11: =_xlfn.CONCAT(F11:K11) -> WHEN TABLA = |INYC_S5_FACTURA| THEN |OUT_S5_FACTURA_REP|
A12: INYC_S4_E_FAC | B12: INYC_S4_E_FACTURA | C12: =_xlfn.CONCAT(SUBSTITUTE(A12,"INYC","OUT"),"_REP") -> OUT_S4_E_FAC_REP | D12: OUT_S4_E_FACTURA_REP | F12: WHEN TABLA = | | G12: =B12 -> INYC_S4_E_FACTURA | H12: | | I12: THEN | | J12: =D12 -> OUT_S4_E_FACTURA_REP | K12: | | M12: =_xlfn.CONCAT(F12:K12) -> WHEN TABLA = |INYC_S4_E_FACTURA| THEN |OUT_S4_E_FACTURA_REP|
... A15: INYC_LC_S4_E_FAC | B15: INYC_LC_S4_E_FACTURA | C15: =_xlfn.CONCAT(SUBSTITUTE(A15,"INYC","OUT"),"_REP") -> OUT_LC_S4_E_FAC_REP | D15: OUT_LC_S4_E_FACTURA_REP | F15: WHEN TABLA = | | G15: =B15 -> INYC_LC_S4_E_FACTURA | H15: | | I15: THEN | | J15: =D15 -> OUT_LC_S4_E_FACTURA_REP | K15: | | M15: =_xlfn.CONCAT(F15:K15) -> WHEN TABLA = |INYC_LC_S4_E_FACTURA| THEN |OUT_LC_S4_E_FACTURA_REP|

Sheet EQUIVALENCIA
A1: UPDATE EXT.OUT_FECHAS_WEBI_REP SET TABLA = | | B1: ='TABLAS OUT'!B2 -> INYC_PERC_AGENTES | C1: |, | D1: DESCRIPCION = |Ultima carga de la tabla | E1: ='TABLAS OUT'!B2 -> INYC_PERC_AGENTES | F1: | WHERE TABLA = | | G1: ='TABLAS OUT'!D2 -> INYC_PERC_AGENTES | H1: | | J1: =_xlfn.CONCAT(_xlfn.CONCAT(A1:H1),";") -> UPDATE EXT.OUT_FECHAS_WEBI_REP SET TABLA = |INYC_PERC_AGENTES|,DESCRIPCION = |Ultima carga de la tabla INYC_PERC_AGENTES| WHERE TABLA = |INYC_PERC_AGENTES|;
A2: UPDATE EXT.OUT_FECHAS_WEBI_REP SET TABLA = | | B2: ='TABLAS OUT'!B3 -> INYC_PROD_AGENTES | C2: |, | D2: DESCRIPCION = |Ultima carga de la tabla | E2: ='TABLAS OUT'!B3 -> INYC_PROD_AGENTES | F2: | WHERE TABLA = | | G2: ='TABLAS OUT'!D3 -> INYC_PROD_AGENTES | H2: | | J2: =_xlfn.CONCAT(_xlfn.CONCAT(A2:H2),";") -> UPDATE EXT.OUT_FECHAS_WEBI_REP SET TABLA = |INYC_PROD_AGENTES|,DESCRIPCION = |Ultima carga de la tabla INYC_PROD_AGENTES| WHERE TABLA = |INYC_PROD_AGENTES|;
A3: UPDATE EXT.OUT_FECHAS_WEBI_REP SET TABLA = | | B3: ='TABLAS OUT'!B4 -> INYC_PERC_INSPECTORES | C3: |, | D3: DESCRIPCION = |Ultima carga de la tabla | E3: ='TABLAS OUT'!B4 -> INYC_PERC_INSPECTORES | F3: | WHERE TABLA = | | G3: ='TABLAS OUT'!D4 -> INYC_PERC_INSPECTORES | H3: | | J3: =_xlfn.CONCAT(_xlfn.CONCAT(A3:H3),";") -> UPDATE EXT.OUT_FECHAS_WEBI_REP SET TABLA = |INYC_PERC_INSPECTORES|,DESCRIPCION = |Ultima carga de la tabla INYC_PERC_INSPECTORES| WHERE TABLA = |INYC_PERC_INSPECTORES|;
A4: UPDATE EXT.OUT_FECHAS_WEBI_REP SET TABLA = | | B4: ='TABLAS OUT'!B5 -> INYC_PROD_INSPECTORES | C4: |, | D4: DESCRIPCION = |Ultima carga de la tabla | E4: ='TABLAS OUT'!B5 -> INYC_PROD_INSPECTORES | F4: | WHERE TABLA = | | G4: ='TABLAS OUT'!D5 -> INYC_PROD_INSPECTORES | H4: | | J4: =_xlfn.CONCAT(_xlfn.CONCAT(A4:H4),";") -> UPDATE EXT.OUT_FECHAS_WEBI_REP SET TABLA = |INYC_PROD_INSPECTORES|,DESCRIPCION = |Ultima carga de la tabla INYC_PROD_INSPECTORES| WHERE TABLA = |INYC_PROD_INSPECTORES|;
A5: UPDATE EXT.OUT_FECHAS_WEBI_REP SET TABLA = | | B5: ='TABLAS OUT'!B6 -> INYC_INSP_ACTIVOS | C5: |, | D5: DESCRIPCION = |Ultima carga de la tabla | E5: ='TABLAS OUT'!B6 -> INYC_INSP_ACTIVOS | F5: | WHERE TABLA = | | G5: ='TABLAS OUT'!D6 -> INYC_INSP_ACTIVOS | H5: | | J5: =_xlfn.CONCAT(_xlfn.CONCAT(A5:H5),";") -> UPDATE EXT.OUT_FECHAS_WEBI_REP SET TABLA = |INYC_INSP_ACTIVOS|,DESCRIPCION = |Ultima carga de la tabla INYC_INSP_ACTIVOS| WHERE TABLA = |INYC_INSP_ACTIVOS|;
A6: UPDATE EXT.OUT_FECHAS_WEBI_REP SET TABLA = | | B6: ='TABLAS OUT'!B7 -> INYC_RPA_RESUMEN | C6: |, | D6: DESCRIPCION = |Ultima carga de la tabla | E6: ='TABLAS OUT'!B7 -> INYC_RPA_RESUMEN | F6: | WHERE TABLA = | | G6: ='TABLAS OUT'!D7 -> INYC_RPA_RESUMEN | H6: | | J6: =_xlfn.CONCAT(_xlfn.CONCAT(A6:H6),";") -> UPDATE EXT.OUT_FECHAS_WEBI_REP SET TABLA = |INYC_RPA_RESUMEN|,DESCRIPCION = |Ultima carga de la tabla INYC_RPA_RESUMEN| WHERE TABLA = |INYC_RPA_RESUMEN|;
A7: UPDATE EXT.OUT_FECHAS_WEBI_REP SET TABLA = | | B7: ='TABLAS OUT'!B8 -> INYC_LC_RPA_RESUMEN | C7: |, | D7: DESCRIPCION = |Ultima carga de la tabla | E7: ='TABLAS OUT'!B8 -> INYC_LC_RPA_RESUMEN | F7: | WHERE TABLA = | | G7: ='TABLAS OUT'!D8 -> INYC_LC_RPA_RESUMEN | H7: | | J7: =_xlfn.CONCAT(_xlfn.CONCAT(A7:H7),";") -> UPDATE EXT.OUT_FECHAS_WEBI_REP SET TABLA = |INYC_LC_RPA_RESUMEN|,DESCRIPCION = |Ultima carga de la tabla INYC_LC_RPA_RESUMEN| WHERE TABLA = |INYC_LC_RPA_RESUMEN|;
A8: UPDATE EXT.OUT_FECHAS_WEBI_REP SET TABLA = | | B8: ='TABLAS OUT'!B9 -> INYC_BAL_RPA_RESUMEN | C8: |, | D8: DESCRIPCION = |Ultima carga de la tabla | E8: ='TABLAS OUT'!B9 -> INYC_BAL_RPA_RESUMEN | F8: | WHERE TABLA = | | G8: ='TABLAS OUT'!D9 -> INYC_BAL_RPA_RESUMEN | H8: | | J8: =_xlfn.CONCAT(_xlfn.CONCAT(A8:H8),";") -> UPDATE EXT.OUT_FECHAS_WEBI_REP SET TABLA = |INYC_BAL_RPA_RESUMEN|,DESCRIPCION = |Ultima carga de la tabla INYC_BAL_RPA_RESUMEN| WHERE TABLA = |INYC_BAL_RPA_RESUMEN|;
A9: UPDATE EXT.OUT_FECHAS_WEBI_REP SET TABLA = | | B9: ='TABLAS OUT'!B10 -> INYC_ASI_RESUMEN | C9: |, | D9: DESCRIPCION = |Ultima carga de la tabla | E9: ='TABLAS OUT'!B10 -> INYC_ASI_RESUMEN | F9: | WHERE TABLA = | | G9: ='TABLAS OUT'!D10 -> INYC_ASI_RESUMEN | H9: | | J9: =_xlfn.CONCAT(_xlfn.CONCAT(A9:H9),";") -> UPDATE EXT.OUT_FECHAS_WEBI_REP SET TABLA = |INYC_ASI_RESUMEN|,DESCRIPCION = |Ultima carga de la tabla INYC_ASI_RESUMEN| WHERE TABLA = |INYC_ASI_RESUMEN|;
A10: UPDATE EXT.OUT_FECHAS_WEBI_REP SET TABLA = | | B10: ='TABLAS OUT'!B11 -> INYC_LC_ASI_RESUMEN | C10: |, | D10: DESCRIPCION = |Ultima carga de la tabla | E10: ='TABLAS OUT'!B11 -> INYC_LC_ASI_RESUMEN | F10: | WHERE TABLA = | | G10: ='TABLAS OUT'!D11 -> INYC_LC_ASI_RESUMEN | H10: | | J10: =_xlfn.CONCAT(_xlfn.CONCAT(A10:H10),";") -> UPDATE EXT.OUT_FECHAS_WEBI_REP SET TABLA = |INYC_LC_ASI_RESUMEN|,DESCRIPCION = |Ultima carga de la tabla INYC_LC_ASI_RESUMEN| WHERE TABLA = |INYC_LC_ASI_RESUMEN|;
A11: UPDATE EXT.OUT_FECHAS_WEBI_REP SET TABLA = | | B11: ='TABLAS OUT'!B12 -> INYC_BAL_ASI_RESUMEN | C11: |, | D11: DESCRIPCION = |Ultima carga de la tabla | E11: ='TABLAS OUT'!B12 -> INYC_BAL_ASI_RESUMEN | F11: | WHERE TABLA = | | G11: ='TABLAS OUT'!D12 -> INYC_BAL_ASI_RESUMEN | H11: | | J11: =_xlfn.CONCAT(_xlfn.CONCAT(A11:H11),";") -> UPDATE EXT.OUT_FECHAS_WEBI_REP SET TABLA = |INYC_BAL_ASI_RESUMEN|,DESCRIPCION = |Ultima carga de la tabla INYC_BAL_ASI_RESUMEN| WHERE TABLA = |INYC_BAL_ASI_RESUMEN|;
A12: UPDATE EXT.OUT_FECHAS_WEBI_REP SET TABLA = | | B12: ='TABLAS OUT'!B13 -> INYC_S4_POLIZAS | C12: |, | D12: DESCRIPCION = |Ultima carga de la tabla | E12: ='TABLAS OUT'!B13 -> INYC_S4_POLIZAS | F12: | WHERE TABLA = | | G12: ='TABLAS OUT'!D13 -> INYC_S4 | H12: | | J12: =_xlfn.CONCAT(_xlfn.CONCAT(A12:H12),";") -> UPDATE EXT.OUT_FECHAS_WEBI_REP SET TABLA = |INYC_S4_POLIZAS|,DESCRIPCION = |Ultima carga de la tabla INYC_S4_POLIZAS| WHERE TABLA = |INYC_S4|;
... A29: UPDATE EXT.OUT_FECHAS_WEBI_REP SET TABLA = | | B29: ='TABLAS OUT'!B30 -> INYC_BAL_PEPA_RESUMEN | C29: |, | D29: DESCRIPCION = |Ultima carga de la tabla | E29: ='TABLAS OUT'!B30 -> INYC_BAL_PEPA_RESUMEN | F29: | WHERE TABLA = | | G29: ='TABLAS OUT'!D30 -> INYC_BAL_PEPA_RESUMEN | H29: | | J29: =_xlfn.CONCAT(_xlfn.CONCAT(A29:H29),";") -> UPDATE EXT.OUT_FECHAS_WEBI_REP SET TABLA = |INYC_BAL_PEPA_RESUMEN|,DESCRIPCION = |Ultima carga de la tabla INYC_BAL_PEPA_RESUMEN| WHERE TABLA = |INYC_BAL_PEPA_RESUMEN|;

Sheet TABLAS INYC
A1: INYC_AUTOLIQUIDACION_FINAL
A2: INYC_AUTOLIQUIDACION_INFORME
A3: INYC_BAL_S4_E_POLIZAS
A4: INYC_BAL_S4_POLIZAS
A5: INYC_BAL_S5_E_FACTURA
A6: INYC_BAL_S5_E_POLIZAS
A7: INYC_BAL_S5_FACTURA
A8: INYC_BAL_S5_POLIZAS
A9: INYC_CARTERA_LP_DET
A10: INYC_CARTERA_LP_DET_NOMEXT
A11: INYC_CUNEXT_FINAL
A12: INYC_CUNEXT_TEMP
... A313: INYC_LC_RE_RESUMEN

Sheet ALIAS INYC
A1: INYC_AN_DETALLE
A2: INYC_AN_RESUMEN
A3: INYC_ASI_DETALLE
A4: INYC_ASI_E_DETALLE
A5: INYC_ASI_E_RESUMEN
A6: INYC_ASI_RESUMEN
A7: INYC_BAL_AN_DETALLE
A8: INYC_BAL_AN_RESUMEN
A9: INYC_BAL_ASI_DETALLE
A10: INYC_BAL_ASI_E_DETALLE
A11: INYC_BAL_ASI_E_RESUMEN
A12: INYC_BAL_ASI_RESUMEN
... A208: INYC_SAC_RESUMEN
