Workbook

Sheet Pasos
A1: 1. Rellenar los campos en azul y rellenar tantas líneas como campos tenga la tabla | D1: DATOS DE ENTRADA
A2: 2. En la pestaña "template" hay que completar tantas líneas de campo como tenga la tabla | D2: Nombre de la vista | E2: EXT.CSA_ESTRUCTURA_SVW
A3: 3. La última línea de campo no debe llevar coma final | D3: Nombre que se le quiere dar | E3: Estructura Comercial
A4: 4. Una vez realizado el template copiarlo a un fichero plano
A5: 5. Eliminar las " (comillas) haciendo un sustituir por nada | C5: No. | D5: Campos | E5: Nombre en Report | F5: Tipo (String, Integer, Integer64, Timestamp, DecimalFloat) | G5: Dimension or Measure
A6: 6. Hacer un sustituir de | por " | C6: 1 | D6: PERIODSEQ | E6: EC PERIODSEQ | F6: Integer64 | G6: Dimension | H6: 1 | I6: Correo electrónico
A7: 7. Este ejemplo es sólo para un CNS, si se tiene más de uno hay que separar los template por coma, pero dejar un solo apartado "EXT" (ojo con el fin de llave) | C7: 2 | D7: POSITIONSEQ | E7: EC POSITIONSEQ | F7: Integer64 | G7: Dimension | H7: 1 | I7: Tipo de IRPF
C8: 3 | D8: PARTICIPANTSEQ | E8: EC PARTICIPANTSEQ | F8: Integer64 | G8: Dimension | H8: 1 | I8: Fecha Inicio Efectividad
C9: 4 | D9: POSITIONNAME | E9: EC Posición | F9: String | G9: Dimension | H9: 1 | I9: Fecha Fin Efectividad
C10: 5 | D10: PARTICIPANTID | E10: EC ID Participante | F10: String | G10: Dimension | H10: 1
C11: 6 | D11: USERID | E11: EC Usuario LDAP | F11: String | G11: Dimension | H11: 1
C12: 7 | D12: IDREGIONAL | E12: EC ID Regional | F12: String | G12: Dimension | H12: 1
C13: 8 | D13: REGIONAL | E13: EC Regional | F13: String | G13: Dimension | H13: 1
C14: 9 | D14: IDSUCURSAL | E14: EC ID Sucursal | F14: String | G14: Dimension | H14: 1
C15: 10 | D15: SUCURSAL | E15: EC Sucursal | F15: String | G15: Dimension | H15: 1
C16: 11 | D16: IDOFICINA | E16: EC ID Oficina | F16: String | G16: Dimension | H16: 1
C17: 12 | D17: OFICINA | E17: EC Oficina | F17: String | G17: Dimension | H17: 1
C18: 13 | D18: PV | E18: EC ID PV | F18: String | G18: Dimension | H18: 1
C19: 14 | D19: CODIGO | E19: EC Código | F19: String | G19: Dimension | H19: 1 | I19: ID de participante
C20: 15 | D20: INSPECTOR_NAME | E20: Inspector ID | F20: String | G20: Dimension | H20: 1 | I20: Usuario LDAP
C21: 16 | D21: INSPECTOR_NIF | E21: Inspector NIF | F21: String | G21: Dimension | H21: 1
C22: 17 | D22: INSPECTOR_NOMBRE_COMPLETO | E22: Inspector Nombre Completo | F22: String | G22: Dimension | H22: 1 | I22: Nombre
C23: 18 | D23: INSPECTOR_TITLE | E23: Inspector Tittle | F23: String | G23: Dimension | H23: 1 | I23: Email personal
C24: 19 | D24: INSPECTOR_LDAP | E24: Inspector Usuario LDAP | F24: String | G24: Dimension | H24: 1 | I24: Apellido 1/Razón social
C25: 20 | D25: INSPECTOR_IDTIPOAGENTE | E25: Inspector ID Tipo | F25: Integer | G25: Dimension | H25: 1 | I25: Apellido 2
C26: 21 | D26: INSPECTOR_TIPOAGENTE | E26: Inspector Tipo | F26: String | G26: Dimension | H26: 1
C27: 22 | D27: INSPCAP_NAME | E27: Inspector Capt ID | F27: String | G27: Dimension | H27: 1 | I27: Pago por IBAN
C28: 23 | D28: INSPCAP_NIF | E28: Inspector Capt NIF | F28: String | G28: Dimension | H28: 1 | I28: Fecha de Contrato
C29: 24 | D29: INSPCAP_NOMBRE_COMPLETO | E29: Inspector Capt Nombre Completo | F29: String | G29: Dimension | H29: 1 | I29: Fecha Fin Agente
C30: 25 | D30: INSPCAP_TITLE | E30: Inspector Capt Tittle | F30: String | G30: Dimension | H30: 1
C31: 26 | D31: INSPCAP_LDAP | E31: Inspector Capt Usuario LDAP | F31: String | G31: Dimension | H31: 1
C32: 27 | D32: INSPCAP_IDTIPOAGENTE | E32: Inspector Capt ID Tipo | F32: String | G32: Dimension | H32: 1 | I32: Posición
C33: 28 | D33: INSPCAP_TIPOAGENTE | E33: Inspector Capt Tipo | F33: Integer | G33: Dimension | H33: 1 | I33: Descripción Posición
C34: 29 | D34: ESTCOUNT | E34: ESTCOUNT | F34: Integer | G34: Measure

Sheet Template
A1: Texto 1 | B1: ="{ |EXT|: { |kind|: |context|, |@Common.Label|: |Custom| }, |"&Pasos!E2&"|: { |kind|: |entity|, |@Common.Label|: |EXT "&Pasos!E3&"|, |@Analytics.query|: false, |@Analytics.dataCategory|: { |#|: |CUBE| }, |elements|: {" -> { |EXT|: { |kind|: |context|, |@Common.Label|: |Custom| }, |EXT.CSA_ESTRUCTURA_SVW|: { |kind|: |entity|, |@Common.Label|: |EXT Estructura Comercial|, |@Analytics.query|: false, |@Analytics.dataCategory|: { |#|: |CUBE| }, |elements|: {
A2: ="Campo "&Pasos!C6 -> Campo 1 | B2: =" |"&Pasos!D6&"|: { |@Common.Label|: |"&Pasos!E6&"|, |type|: |cds."&Pasos!F6&"|, |@Analytics."&Pasos!G6&"|: true }, " -> |PERIODSEQ|: { |@Common.Label|: |EC PERIODSEQ|, |type|: |cds.Integer64|, |@Analytics.Dimension|: true },
A3: ="Campo "&Pasos!C7 -> Campo 2 | B3: =" |"&Pasos!D7&"|: { |@Common.Label|: |"&Pasos!E7&"|, |type|: |cds."&Pasos!F7&"|, |@Analytics."&Pasos!G7&"|: true }, " -> |POSITIONSEQ|: { |@Common.Label|: |EC POSITIONSEQ|, |type|: |cds.Integer64|, |@Analytics.Dimension|: true },
A4: ="Campo "&Pasos!C8 -> Campo 3 | B4: =" |"&Pasos!D8&"|: { |@Common.Label|: |"&Pasos!E8&"|, |type|: |cds."&Pasos!F8&"|, |@Analytics."&Pasos!G8&"|: true }, " -> |PARTICIPANTSEQ|: { |@Common.Label|: |EC PARTICIPANTSEQ|, |type|: |cds.Integer64|, |@Analytics.Dimension|: true },
A5: ="Campo "&Pasos!C9 -> Campo 4 | B5: =" |"&Pasos!D9&"|: { |@Common.Label|: |"&Pasos!E9&"|, |type|: |cds."&Pasos!F9&"|, |@Analytics."&Pasos!G9&"|: true }, " -> |POSITIONNAME|: { |@Common.Label|: |EC Posición|, |type|: |cds.String|, |@Analytics.Dimension|: true },
A6: ="Campo "&Pasos!C10 -> Campo 5 | B6: =" |"&Pasos!D10&"|: { |@Common.Label|: |"&Pasos!E10&"|, |type|: |cds."&Pasos!F10&"|, |@Analytics."&Pasos!G10&"|: true }, " -> |PARTICIPANTID|: { |@Common.Label|: |EC ID Participante|, |type|: |cds.String|, |@Analytics.Dimension|: true },
A7: ="Campo "&Pasos!C11 -> Campo 6 | B7: =" |"&Pasos!D11&"|: { |@Common.Label|: |"&Pasos!E11&"|, |type|: |cds."&Pasos!F11&"|, |@Analytics."&Pasos!G11&"|: true }, " -> |USERID|: { |@Common.Label|: |EC Usuario LDAP|, |type|: |cds.String|, |@Analytics.Dimension|: true },
A8: ="Campo "&Pasos!C12 -> Campo 7 | B8: =" |"&Pasos!D12&"|: { |@Common.Label|: |"&Pasos!E12&"|, |type|: |cds."&Pasos!F12&"|, |@Analytics."&Pasos!G12&"|: true }, " -> |IDREGIONAL|: { |@Common.Label|: |EC ID Regional|, |type|: |cds.String|, |@Analytics.Dimension|: true },
A9: ="Campo "&Pasos!C13 -> Campo 8 | B9: =" |"&Pasos!D13&"|: { |@Common.Label|: |"&Pasos!E13&"|, |type|: |cds."&Pasos!F13&"|, |@Analytics."&Pasos!G13&"|: true }, " -> |REGIONAL|: { |@Common.Label|: |EC Regional|, |type|: |cds.String|, |@Analytics.Dimension|: true },
A10: ="Campo "&Pasos!C14 -> Campo 9 | B10: =" |"&Pasos!D14&"|: { |@Common.Label|: |"&Pasos!E14&"|, |type|: |cds."&Pasos!F14&"|, |@Analytics."&Pasos!G14&"|: true }, " -> |IDSUCURSAL|: { |@Common.Label|: |EC ID Sucursal|, |type|: |cds.String|, |@Analytics.Dimension|: true },
A11: ="Campo "&Pasos!C15 -> Campo 10 | B11: =" |"&Pasos!D15&"|: { |@Common.Label|: |"&Pasos!E15&"|, |type|: |cds."&Pasos!F15&"|, |@Analytics."&Pasos!G15&"|: true }, " -> |SUCURSAL|: { |@Common.Label|: |EC Sucursal|, |type|: |cds.String|, |@Analytics.Dimension|: true },
A12: ="Campo "&Pasos!C16 -> Campo 11 | B12: =" |"&Pasos!D16&"|: { |@Common.Label|: |"&Pasos!E16&"|, |type|: |cds."&Pasos!F16&"|, |@Analytics."&Pasos!G16&"|: true }, " -> |IDOFICINA|: { |@Common.Label|: |EC ID Oficina|, |type|: |cds.String|, |@Analytics.Dimension|: true },
A13: ="Campo "&Pasos!C17 -> Campo 12 | B13: =" |"&Pasos!D17&"|: { |@Common.Label|: |"&Pasos!E17&"|, |type|: |cds."&Pasos!F17&"|, |@Analytics."&Pasos!G17&"|: true }, " -> |OFICINA|: { |@Common.Label|: |EC Oficina|, |type|: |cds.String|, |@Analytics.Dimension|: true },
... A29: ="Campo "&Pasos!C33 -> Campo 28 | B29: =" |"&Pasos!D33&"|: { |@Common.Label|: |"&Pasos!E33&"|, |type|: |cds."&Pasos!F33&"|, |@Analytics."&Pasos!G33&"|: true }, " -> |INSPCAP_TIPOAGENTE|: { |@Common.Label|: |Inspector Capt Tipo|, |type|: |cds.Integer|, |@Analytics.Dimension|: true },
A30: ="Campo "&Pasos!C34&" No incluye coma final" -> Campo 29 No incluye coma final | B30: =" |"&Pasos!D34&"|: { |@Common.Label|: |"&Pasos!E34&"|, |type|: |cds."&Pasos!F34&"|, |@Analytics."&Pasos!G34&"|: true } " -> |ESTCOUNT|: { |@Common.Label|: |ESTCOUNT|, |type|: |cds.Integer|, |@Analytics.Measure|: true }
A31: Texto 2 | B31: } } }

Sheet Hoja2
A1: Nombre en Report
A2: Correo electrónico | B2: =COUNTIF(A:A,A2) -> 1
A3: Tipo de IRPF | B3: =COUNTIF(A:A,A3) -> 1
A4: Fecha Inicio Efectividad | B4: =COUNTIF(A:A,A4) -> 1
A5: Fecha Fin Efectividad | B5: =COUNTIF(A:A,A5) -> 1
A6: Periodo | B6: =COUNTIF(A:A,A6) -> 1
A7: Periodo Nombre corto | B7: =COUNTIF(A:A,A7) -> 1
A8: Periodo Descripción | B8: =COUNTIF(A:A,A8) -> 1
A9: Inicio Periodo | B9: =COUNTIF(A:A,A9) -> 1
A10: Fin Periodo | B10: =COUNTIF(A:A,A10) -> 1
A11: Nombre Completo | B11: =COUNTIF(A:A,A11) -> 1
A12: PERIODSEQ | B12: =COUNTIF(A:A,A12) -> 1
A13: POSITIONSEQ | B13: =COUNTIF(A:A,A13) -> 1
... A122: MEDCOUNT | B122: =COUNTIF(A:A,A122) -> 1
